-- BUAT TABLE --
CREATE TABLE KARYAWAN
(
	K_KODE CHAR(5) PRIMARY KEY,
  O_ID INTEGER,
	K_NAMA VARCHAR(100),
	K_ALAMAT VARCHAR(150),
	K_BAGIAN VARCHAR(50),
	K_TGLMASUK DATE
);

CREATE TABLE OUTLET
(
  O_ID INTEGER PRIMARY KEY,
  O_ALAMAT VARCHAR(100),
  O_TELP VARCHAR(20)
);

CREATE TABLE MEMBER_TABLE
(
	M_NO CHAR(5) PRIMARY KEY,
	M_NAMA VARCHAR(100),
	M_TGLLAHIR DATE,
	M_ALAMAT VARCHAR(200),
	M_TELP VARCHAR(15),
	M_JKEL CHAR(1),
	M_TGLDAFTAR DATE
);

CREATE TABLE NOTA
(
	N_NO INTEGER PRIMARY KEY,
	M_NO CHAR(5),
	N_TGLMASUK DATE,
	N_TGLJADI DATE,
	N_TGLAMBIL DATE,
	KODE_RAK CHAR(3),
	N_UANGMUKA INTEGER,
  N_DISKON INTEGER
);

CREATE TABLE JENIS_LAYANAN
(
	J_ID CHAR(3) PRIMARY KEY,
	J_NAMA VARCHAR(100),
	J_HARGA INTEGER
);

CREATE TABLE DETIL_NOTA
(
	N_NO INTEGER,
	J_ID CHAR(3),
	DN_KUANTITAS INTEGER,
	DN_KETERANGAN VARCHAR(50)
);

CREATE TABLE DETIL_KARYAWAN
(
  N_NO INTEGER,
  K_KODE CHAR(5)
);

ALTER TABLE DETIL_NOTA
ADD CONSTRAINT FK_N_NO
FOREIGN KEY (N_NO) REFERENCES NOTA(N_NO);

ALTER TABLE DETIL_NOTA
ADD CONSTRAINT FK_J_ID
FOREIGN KEY (J_ID) REFERENCES JENIS_LAYANAN(J_ID);

ALTER TABLE DETIL_KARYAWAN
ADD CONSTRAINT FK_K_KODE
FOREIGN KEY (K_KODE) REFERENCES KARYAWAN(K_KODE);

ALTER TABLE DETIL_KARYAWAN
ADD CONSTRAINT FK_N_NO_DK
FOREIGN KEY (N_NO) REFERENCES NOTA(N_NO);

ALTER TABLE KARYAWAN
ADD CONSTRAINT FK_O_ID
FOREIGN KEY (O_ID) REFERENCES OUTLET(O_ID);

ALTER TABLE NOTA
ADD CONSTRAINT FK_M_NO
FOREIGN KEY (M_NO) REFERENCES MEMBER_TABLE(M_NO);

-- insert data outlet --
INSERT INTO OUTLET VALUES ('1', 'Mulyosari Utara Blok D-10, Surabaya', '082142918371');
INSERT INTO OUTLET VALUES ('2', 'Kertajaya Indah XII/12, Surabaya', '082133102938');

-- insert data jenis layanan --
insert into JENIS_LAYANAN values ('J01', 'Cuci Kering', '5000');
insert into JENIS_LAYANAN values ('J02', 'Cuci Kering Setrika', '7000');
insert into JENIS_LAYANAN values ('J03', 'Cuci Kering Kilat', '10000');
insert into JENIS_LAYANAN values ('J04', 'Setrika', '3000');
insert into JENIS_LAYANAN values ('J05', 'Bed Cover', '20000');

-- insert data karyawan --
insert into KARYAWAN (k_kode, o_id, k_alamat, k_tglmasuk, k_nama, k_bagian) values ('K1101', '1', 'Wisma Permai 1 no.2, Surabaya', '7/MAY/2017', 'Chantalle Scola', 'Cuci');
insert into KARYAWAN (k_kode, o_id, k_alamat, k_tglmasuk, k_nama, k_bagian) values ('K1102', '1', 'Wisma Permai 2 no.7, Surabaya', '24/MAY/2017', 'Kermy Quested', 'Cuci');
insert into KARYAWAN (k_kode, o_id, k_alamat, k_tglmasuk, k_nama, k_bagian) values ('K1201', '1', 'Wisma Permai 4 no.5, Surabaya', '25/MAY/2017', 'Zacherie Bembrigg', 'Setrika');
insert into KARYAWAN (k_kode, o_id, k_alamat, k_tglmasuk, k_nama, k_bagian) values ('K1202', '1', 'Wisma Permai 6 no.1, Surabaya', '17/MAY/2017', 'Fern Emblow', 'Setrika');
insert into KARYAWAN (k_kode, o_id, k_alamat, k_tglmasuk, k_nama, k_bagian) values ('K1301', '1', 'Wisma Permai 9 no.12, Surabaya', '19/MAY/2017', 'Kipper Wickerson', 'Operator');
insert into KARYAWAN (k_kode, o_id, k_alamat, k_tglmasuk, k_nama, k_bagian) values ('K2101', '2', 'Kertajaya Indah X/2, Surabaya', '26/MAY/2017', 'Carce Pirouet', 'Cuci');
insert into KARYAWAN (k_kode, o_id, k_alamat, k_tglmasuk, k_nama, k_bagian) values ('K2102', '2', 'Kertajaya Indah XI/24, Surabaya', '14/MAY/2017', 'Mikey Milborn', 'Cuci');
insert into KARYAWAN (k_kode, o_id, k_alamat, k_tglmasuk, k_nama, k_bagian) values ('K2201', '2', 'Kertajaya Indah I/6, Surabaya', '15/MAY/2017', 'Gussie Davern', 'Setrika');
insert into KARYAWAN (k_kode, o_id, k_alamat, k_tglmasuk, k_nama, k_bagian) values ('K2202', '2', 'Kertajaya Indah II/2, Surabaya', '16/MAY/2017', 'Armin Atlee', 'Setrika');
insert into KARYAWAN (k_kode, o_id, k_alamat, k_tglmasuk, k_nama, k_bagian) values ('K2301', '2', 'Kertajaya Indah XI/1, Surabaya', '21/MAY/2017', 'Donal Limpertz', 'Operator');

--INSERT MEMBER--
insert into MEMBER_TABLE values ('M0001', 'Paige Lewty', '6/June/1995', 'Keputih Gg.1A no.7, Surabaya', '085521898458', 'L', '7/JUN/2017');
insert into MEMBER_TABLE values ('M0002', 'Elsie Askam', '24/Sep/1996', 'Keputih Tegal Timur no.23, Surabaya', '082137118480', 'P', '21/JUN/2017');
insert into MEMBER_TABLE values ('M0003', 'Agatha Reffe', '9/Dec/1995', 'Wisma Permai 1 no.1, Mulyorejo, Surabaya', '080138218186', 'P', '3/JUN/2017');
insert into MEMBER_TABLE values ('M0004', 'Christie Lamort', '23/Aug/1996', 'Mulyosari Baru no.16, Surabaya', '089469325010', 'L', '3/JUN/2017');
insert into MEMBER_TABLE values ('M0005', 'Rozanna Coogan', '22/Dec/1995', 'Bumi Marina Emas no.48, Surabaya', '081062332586', 'P', '17/JUN/2017');
insert into MEMBER_TABLE values ('M0006', 'Aluino McCord', '10/Jan/1998', 'Gebang Lor no.13, Surabaya', '087094809595', 'P', '15/JUN/2017');
insert into MEMBER_TABLE values ('M0007', 'Far Breadmore', '11/June/1995', 'Keputih Perintis IV no.14, Surabaya', '080597214547', 'L', '2/JUN/2017');
insert into MEMBER_TABLE values ('M0008', 'Minor Frissell', '6/Aug/1995', 'Perumdos Blok U no.34, Surabaya', '083696878628', 'L', '6/JUN/2017');
insert into MEMBER_TABLE values ('M0009', 'Mikaela Baine', '29/Sep/1997', 'Wisma Permai 3 no.8, Mulyorejo, Surabaya', '080708509012', 'P', '13/JUN/2017');
insert into MEMBER_TABLE values ('M0010', 'Robbin Cawdell', '9/Apr/1995', 'Gebang Lor no.31, Surabaya', '086648707407', 'L', '17/JUN/2017');
insert into MEMBER_TABLE values ('M0011', 'Currie Jikovsky', '6/June/1998', 'Gebang Lor no.12, Surabaya', '088022124376', 'L', '11/JUN/2017');
insert into MEMBER_TABLE values ('M0012', 'Jens Piletic', '11/May/1997', 'Keputih Tegal Timur 3 no.29, Surabaya', '087621861750', 'L', '1/JUN/2017');
insert into MEMBER_TABLE values ('M0013', 'Vinnie Medlar', '2/July/1996', 'Bumi Marina Emas no.1, Surabaya', '082826381964', 'P', '30/JUN/2017');
insert into MEMBER_TABLE values ('M0014', 'Phillipe Rowat', '16/Dec/1997', 'Perumdos Blok T no.4, Surabaya', '081583181019', 'P', '12/JUN/2017');
insert into MEMBER_TABLE values ('M0015', 'Jared Braksper', '21/Dec/1998', 'Perumdos Blok U no.24, Surabaya', '088232884501', 'P', '25/JUN/2017');
insert into MEMBER_TABLE values ('M0016', 'Karleen Wurst', '19/Dec/1995', 'Asrama Mahasiswa ITS Gedung G, Surabaya', '086858897859', 'L', '27/JUN/2017');
insert into MEMBER_TABLE values ('M0017', 'Arielle Ducker', '1/May/1994', 'Keputih Tegal Timur 2 no.2, Surabaya', '080016568864', 'P', '24/JUN/2017');
insert into MEMBER_TABLE values ('M0018', 'Maddi Winship', '5/Apr/1996', 'Keputih Tambak no.2, Surabaya', '084914728295', 'P', '3/JUN/2017');
insert into MEMBER_TABLE values ('M0019', 'Skippy Boldecke', '22/Oct/1994', 'Keputih Tambak no.22, Surabaya', '084340629861', 'L', '8/JUN/2017');
insert into MEMBER_TABLE values ('M0020', 'Quinlan Sabatini', '10/Jan/1998', 'Keputih Perintis 4 no.2, Surabaya', '085494025707', 'L', '28/JUN/2017');

-- BIKIN ISI NOTA --
INSERT INTO NOTA VALUES ('1', 'M0001', '11/JUL/2017', '13/JUL/2017', '13/JUL/2017', 'R11', '5000', '10');
INSERT INTO DETIL_NOTA VALUES ('1', 'J01', '5', NULL);
INSERT INTO DETIL_KARYAWAN VALUES ('1', 'K1101');
INSERT INTO DETIL_KARYAWAN VALUES ('1', 'K1301');

INSERT INTO NOTA VALUES ('2', 'M0001', '18/JUL/2017', '20/JUL/2017', '20/JUL/2017', 'R11', '7000', '10');
INSERT INTO DETIL_NOTA VALUES ('2', 'J02', '5', NULL);
INSERT INTO DETIL_KARYAWAN VALUES ('2', 'K1101');
INSERT INTO DETIL_KARYAWAN VALUES ('2', 'K1202');
INSERT INTO DETIL_KARYAWAN VALUES ('2', 'K1301');

INSERT INTO NOTA VALUES ('3', 'M0002', '13/AUG/2017', '15/AUG/2017', '16/AUG/2017', 'R22', '6000', '0');
INSERT INTO DETIL_NOTA VALUES ('3', 'J02', '8', NULL);
INSERT INTO DETIL_KARYAWAN VALUES ('3', 'K2101');
INSERT INTO DETIL_KARYAWAN VALUES ('3', 'K2201');
INSERT INTO DETIL_KARYAWAN VALUES ('3', 'K2301');

INSERT INTO NOTA VALUES ('4', 'M0003', '23/SEP/2017', '25/AUG/2017', '26/AUG/2017', 'R12', '6000', '0');
INSERT INTO DETIL_NOTA VALUES ('4', 'J02', '6', 'pake air panas');
INSERT INTO DETIL_NOTA VALUES ('4', 'J05', '1', NULL);
INSERT INTO DETIL_KARYAWAN VALUES ('4', 'K1102');
INSERT INTO DETIL_KARYAWAN VALUES ('4', 'K1201');
INSERT INTO DETIL_KARYAWAN VALUES ('4', 'K1301');

INSERT INTO NOTA VALUES ('5', 'M0003', '1/JUL/2017', '5/JUL/2017', '5/JUL/2017', 'R11', '5000', '10');
INSERT INTO DETIL_NOTA VALUES ('5', 'J05', '2', NULL);
INSERT INTO DETIL_NOTA VALUES ('5', 'J02', '10', NULL);
INSERT INTO DETIL_KARYAWAN VALUES ('5', 'K1102');
INSERT INTO DETIL_KARYAWAN VALUES ('5', 'K1201');
INSERT INTO DETIL_KARYAWAN VALUES ('5', 'K1301');

INSERT INTO NOTA VALUES ('6', 'M0004', '1/JUL/2017', '8/JUL/2017', '9/JUL/2017', 'R11', '7000', '10');
INSERT INTO DETIL_NOTA VALUES ('6', 'J02', '10', NULL);
INSERT INTO DETIL_NOTA VALUES ('6', 'J05', '4', 'pakai pelembut');
INSERT INTO DETIL_NOTA VALUES ('6', 'J04', '10', 'setrika khusus woll');
INSERT INTO DETIL_KARYAWAN VALUES ('6', 'K1102');
INSERT INTO DETIL_KARYAWAN VALUES ('6', 'K1201');
INSERT INTO DETIL_KARYAWAN VALUES ('6', 'K1301');

INSERT INTO NOTA VALUES ('7', 'M0005', '2/JUL/2017', '5/JUL/2017', '6/JUL/2017', 'R11', '5000', '10');
INSERT INTO DETIL_NOTA VALUES ('7', 'J01', '10', NULL);
INSERT INTO DETIL_NOTA VALUES ('7', 'J02', '10', NULL);
INSERT INTO DETIL_NOTA VALUES ('7', 'J04', '10', NULL);
INSERT INTO DETIL_KARYAWAN VALUES ('7', 'K1101');
INSERT INTO DETIL_KARYAWAN VALUES ('7', 'K1202');
INSERT INTO DETIL_KARYAWAN VALUES ('7', 'K1301');

INSERT INTO NOTA VALUES ('8', 'M0006', '4/JUL/2017', '7/JUL/2017', '7/JUL/2017', 'R21', '8000', '10');
INSERT INTO DETIL_NOTA VALUES ('8', 'J01', '7', NULL);
INSERT INTO DETIL_NOTA VALUES ('8', 'J04', '5', NULL);
INSERT INTO DETIL_KARYAWAN VALUES ('8', 'K2101');
INSERT INTO DETIL_KARYAWAN VALUES ('8', 'K2202');
INSERT INTO DETIL_KARYAWAN VALUES ('8', 'K2301');

INSERT INTO NOTA VALUES ('9', 'M0007', '4/JUL/2017', '7/JUL/2017', '7/JUL/2017', 'R21', '5000', '10');
INSERT INTO DETIL_NOTA VALUES ('9', 'J02', '10', NULL);
INSERT INTO DETIL_KARYAWAN VALUES ('9', 'K2101');
INSERT INTO DETIL_KARYAWAN VALUES ('9', 'K2201');
INSERT INTO DETIL_KARYAWAN VALUES ('9', 'K2301');

INSERT INTO NOTA VALUES ('10', 'M0007', '12/JUL/2017', '16/JUL/2017', '17/JUL/2017', 'R21', '5000', '10');
INSERT INTO DETIL_NOTA VALUES ('10', 'J02', '20', NULL);
INSERT INTO DETIL_NOTA VALUES ('10', 'J05', '4', NULL);
INSERT INTO DETIL_KARYAWAN VALUES ('10', 'K2101');
INSERT INTO DETIL_KARYAWAN VALUES ('10', 'K2201');
INSERT INTO DETIL_KARYAWAN VALUES ('10', 'K2301');

INSERT INTO NOTA VALUES ('11', 'M0008', '14/JUL/2017', '18/JUL/2017', '19/JUL/2017', 'R21', '10000', '10');
INSERT INTO DETIL_NOTA VALUES ('11', 'J02', '15', NULL);
INSERT INTO DETIL_NOTA VALUES ('11', 'J04', '10', NULL);
INSERT INTO DETIL_KARYAWAN VALUES ('11', 'K2102');
INSERT INTO DETIL_KARYAWAN VALUES ('11', 'K2202');
INSERT INTO DETIL_KARYAWAN VALUES ('11', 'K2301');

INSERT INTO NOTA VALUES ('12', 'M0008', '1/AUG/2017', '6/AUG/2017', '6/AUG/2017', 'R11', '1500', '0');
INSERT INTO DETIL_NOTA VALUES ('12', 'J05', '5', NULL);
INSERT INTO DETIL_NOTA VALUES ('12', 'J04', '15', NULL);
INSERT INTO DETIL_KARYAWAN VALUES ('12', 'K1102');
INSERT INTO DETIL_KARYAWAN VALUES ('12', 'K1202');
INSERT INTO DETIL_KARYAWAN VALUES ('12', 'K1301');

INSERT INTO NOTA VALUES ('13', 'M0009', '1/AUG/2017', '4/AUG/2017', '6/AUG/2017', 'R22', '5000', '0');
INSERT INTO DETIL_NOTA VALUES ('13', 'J03', '15', NULL);
INSERT INTO DETIL_NOTA VALUES ('13', 'J04', '15', NULL);
INSERT INTO DETIL_KARYAWAN VALUES ('13', 'K2102');
INSERT INTO DETIL_KARYAWAN VALUES ('13', 'K2202');
INSERT INTO DETIL_KARYAWAN VALUES ('13', 'K2301');

INSERT INTO NOTA VALUES ('14', 'M0010', '1/AUG/2017', '4/AUG/2017', '6/AUG/2017', 'R11', '5000', '0');
INSERT INTO DETIL_NOTA VALUES ('14', 'J03', '15', NULL);
INSERT INTO DETIL_NOTA VALUES ('14', 'J04', '15', NULL);
INSERT INTO DETIL_KARYAWAN VALUES ('14', 'K1102');
INSERT INTO DETIL_KARYAWAN VALUES ('14', 'K1202');
INSERT INTO DETIL_KARYAWAN VALUES ('14', 'K1301');

INSERT INTO NOTA VALUES ('15', 'M0010', '11/AUG/2017', '14/AUG/2017', '14/AUG/2017', 'R12', '5000', '0');
INSERT INTO DETIL_NOTA VALUES ('15', 'J04', '25', NULL);
INSERT INTO DETIL_KARYAWAN VALUES ('15', 'K1202');
INSERT INTO DETIL_KARYAWAN VALUES ('15', 'K1301');

INSERT INTO NOTA VALUES ('16', 'M0003', '11/AUG/2017', '13/AUG/2017', '13/AUG/2017', 'R22', '5000', '0');
INSERT INTO DETIL_NOTA VALUES ('16', 'J01', '15', NULL);
INSERT INTO DETIL_KARYAWAN VALUES ('16', 'K2102');
INSERT INTO DETIL_KARYAWAN VALUES ('16', 'K2301');

INSERT INTO NOTA VALUES ('17', 'M0001', '25/AUG/2017', '28/AUG/2017', '29/AUG/2017', 'R11', '5000', '0');
INSERT INTO DETIL_NOTA VALUES ('17', 'J02', '13', NULL);
INSERT INTO DETIL_KARYAWAN VALUES ('17', 'K1102');
INSERT INTO DETIL_KARYAWAN VALUES ('17', 'K1202');
INSERT INTO DETIL_KARYAWAN VALUES ('17', 'K1301');

INSERT INTO NOTA VALUES ('18', 'M0007', '4/SEP/2017', '7/SEP/2017', '7/SEP/2017', 'R11', '8000', '0');
INSERT INTO DETIL_NOTA VALUES ('18', 'J02', '10', NULL);
INSERT INTO DETIL_KARYAWAN VALUES ('18', 'K1101');
INSERT INTO DETIL_KARYAWAN VALUES ('18', 'K1201');
INSERT INTO DETIL_KARYAWAN VALUES ('18', 'K1301');

INSERT INTO NOTA VALUES ('19', 'M0007', '4/SEP/2017', '7/SEP/2017', '7/SEP/2017', 'R21', '5000', '0');
INSERT INTO DETIL_NOTA VALUES ('19', 'J02', '10', NULL);
INSERT INTO DETIL_KARYAWAN VALUES ('19', 'K2101');
INSERT INTO DETIL_KARYAWAN VALUES ('19', 'K2201');
INSERT INTO DETIL_KARYAWAN VALUES ('19', 'K2301');

INSERT INTO NOTA VALUES ('20', 'M0002', '4/SEP/2017', '7/SEP/2017', '7/SEP/2017', 'R21', '5000', '0');
INSERT INTO DETIL_NOTA VALUES ('20', 'J05', '2', NULL);
INSERT INTO DETIL_KARYAWAN VALUES ('20', 'K2101');
INSERT INTO DETIL_KARYAWAN VALUES ('20', 'K2201');
INSERT INTO DETIL_KARYAWAN VALUES ('20', 'K2301');

INSERT INTO NOTA VALUES ('21', 'M0011', '1/SEP/2017', '5/SEP/2017', '5/SEP/2017', 'R11', '10000', '0');
INSERT INTO DETIL_NOTA VALUES ('21', 'J02', '10', NULL);
INSERT INTO DETIL_KARYAWAN VALUES ('21', 'K1101');
INSERT INTO DETIL_KARYAWAN VALUES ('21', 'K1202');
INSERT INTO DETIL_KARYAWAN VALUES ('21', 'K1301');

INSERT INTO NOTA VALUES ('22', 'M0012', '1/SEP/2017', '3/SEP/2017', '3/SEP/2017', 'R22', '5000', '0');
INSERT INTO DETIL_NOTA VALUES ('22', 'J03', '10', NULL);
INSERT INTO DETIL_KARYAWAN VALUES ('22', 'K2102');
INSERT INTO DETIL_KARYAWAN VALUES ('22', 'K2202');
INSERT INTO DETIL_KARYAWAN VALUES ('22', 'K2301');

INSERT INTO NOTA VALUES ('23', 'M0005', '1/SEP/2017', '3/SEP/2017', '3/SEP/2017', 'R12', '10000', '0');
INSERT INTO DETIL_NOTA VALUES ('23', 'J03', '10', NULL);
INSERT INTO DETIL_KARYAWAN VALUES ('23', 'K1101');
INSERT INTO DETIL_KARYAWAN VALUES ('23', 'K1201');
INSERT INTO DETIL_KARYAWAN VALUES ('23', 'K1301');

INSERT INTO NOTA VALUES ('24', 'M0005', '15/SEP/2017', '20/SEP/2017', '20/SEP/2017', 'R22', '10000', '0');
INSERT INTO DETIL_NOTA VALUES ('24', 'J02', '10', NULL);
INSERT INTO DETIL_NOTA VALUES ('24', 'J05', '5', NULL);
INSERT INTO DETIL_KARYAWAN VALUES ('24', 'K2102');
INSERT INTO DETIL_KARYAWAN VALUES ('24', 'K2202');
INSERT INTO DETIL_KARYAWAN VALUES ('24', 'K2301');

INSERT INTO NOTA VALUES ('25', 'M0013', '1/OCT/2017', '4/OCT/2017', '4/OCT/2017', 'R22', '5000', '0');
INSERT INTO DETIL_NOTA VALUES ('25', 'J02', '10', NULL);
INSERT INTO DETIL_KARYAWAN VALUES ('25', 'K2102');
INSERT INTO DETIL_KARYAWAN VALUES ('25', 'K2202');
INSERT INTO DETIL_KARYAWAN VALUES ('25', 'K2301');

INSERT INTO NOTA VALUES ('26', 'M0014', '1/OCT/2017', '4/OCT/2017', '4/OCT/2017', 'R22', '5000', '0');
INSERT INTO DETIL_NOTA VALUES ('26', 'J02', '6', NULL);
INSERT INTO DETIL_KARYAWAN VALUES ('26', 'K2102');
INSERT INTO DETIL_KARYAWAN VALUES ('26', 'K2202');
INSERT INTO DETIL_KARYAWAN VALUES ('26', 'K2301');

INSERT INTO NOTA VALUES ('27', 'M0014', '2/OCT/2017', '7/OCT/2017', '7/OCT/2017', 'R22', '5000', '0');
INSERT INTO DETIL_NOTA VALUES ('27', 'J04', '10', NULL);
INSERT INTO DETIL_NOTA VALUES ('27', 'J05', '1', NULL);
INSERT INTO DETIL_KARYAWAN VALUES ('27', 'K2102');
INSERT INTO DETIL_KARYAWAN VALUES ('27', 'K2202');
INSERT INTO DETIL_KARYAWAN VALUES ('27', 'K2301');

INSERT INTO NOTA VALUES ('28', 'M0015', '6/OCT/2017', '10/OCT/2017', '11/OCT/2017', 'R11', '10000', '0');
INSERT INTO DETIL_NOTA VALUES ('28', 'J04', '10', NULL);
INSERT INTO DETIL_NOTA VALUES ('28', 'J05', '1', NULL);
INSERT INTO DETIL_KARYAWAN VALUES ('28', 'K1102');
INSERT INTO DETIL_KARYAWAN VALUES ('28', 'K1202');
INSERT INTO DETIL_KARYAWAN VALUES ('28', 'K1301');

INSERT INTO NOTA VALUES ('29', 'M0016', '8/OCT/2017', '12/OCT/2017', '13/OCT/2017', 'R22', '5000', '0');
INSERT INTO DETIL_NOTA VALUES ('29', 'J02', '10', NULL);
INSERT INTO DETIL_NOTA VALUES ('29', 'J04', '6', NULL);
INSERT INTO DETIL_KARYAWAN VALUES ('29', 'K2102');
INSERT INTO DETIL_KARYAWAN VALUES ('29', 'K2202');
INSERT INTO DETIL_KARYAWAN VALUES ('29', 'K2301');

INSERT INTO NOTA VALUES ('30', 'M0015', '24/OCT/2017', '28/OCT/2017', '28/OCT/2017', 'R12', '5000', '0');
INSERT INTO DETIL_NOTA VALUES ('30', 'J02', '15', NULL);
INSERT INTO DETIL_KARYAWAN VALUES ('30', 'K1102');
INSERT INTO DETIL_KARYAWAN VALUES ('30', 'K1202');
INSERT INTO DETIL_KARYAWAN VALUES ('30', 'K1301');

INSERT INTO NOTA VALUES ('31', 'M0017', '4/NOV/2017', '8/NOV/2017', '8/NOV/2017', 'R11', '10000', '0');
INSERT INTO DETIL_NOTA VALUES ('31', 'J02', '5', NULL);
INSERT INTO DETIL_KARYAWAN VALUES ('31', 'K1102');
INSERT INTO DETIL_KARYAWAN VALUES ('31', 'K1202');
INSERT INTO DETIL_KARYAWAN VALUES ('31', 'K1301');

INSERT INTO NOTA VALUES ('32', 'M0018', '4/NOV/2017', '10/NOV/2017', '10/NOV/2017', 'R21', '5000', '0');
INSERT INTO DETIL_NOTA VALUES ('32', 'J05', '5', NULL);
INSERT INTO DETIL_KARYAWAN VALUES ('32', 'K2102');
INSERT INTO DETIL_KARYAWAN VALUES ('32', 'K2202');
INSERT INTO DETIL_KARYAWAN VALUES ('32', 'K2301');

INSERT INTO NOTA VALUES ('33', 'M0018', '8/NOV/2017', '14/NOV/2017', '15/NOV/2017', 'R21', '10000', '0');
INSERT INTO DETIL_NOTA VALUES ('33', 'J02', '10', NULL);
INSERT INTO DETIL_KARYAWAN VALUES ('33', 'K2102');
INSERT INTO DETIL_KARYAWAN VALUES ('33', 'K2202');
INSERT INTO DETIL_KARYAWAN VALUES ('33', 'K2301');

INSERT INTO NOTA VALUES ('34', 'M0019', '12/NOV/2017', '14/NOV/2017', '14/NOV/2017', 'R21', '5000', '0');
INSERT INTO DETIL_NOTA VALUES ('34', 'J03', '7', NULL);
INSERT INTO DETIL_KARYAWAN VALUES ('34', 'K2101');
INSERT INTO DETIL_KARYAWAN VALUES ('34', 'K2201');
INSERT INTO DETIL_KARYAWAN VALUES ('34', 'K2301');

INSERT INTO NOTA VALUES ('35', 'M0020', '1/NOV/2017', '4/NOV/2017', '4/NOV/2017', 'R11', '5000', '0');
INSERT INTO DETIL_NOTA VALUES ('35', 'J02', '9', NULL);
INSERT INTO DETIL_KARYAWAN VALUES ('35', 'K1101');
INSERT INTO DETIL_KARYAWAN VALUES ('35', 'K1201');
INSERT INTO DETIL_KARYAWAN VALUES ('35', 'K1301');

INSERT INTO NOTA VALUES ('36', 'M0005', '3/NOV/2017', '7/NOV/2017', '7/NOV/2017', 'R11', '10000', '0');
INSERT INTO DETIL_NOTA VALUES ('36', 'J02', '9', NULL);
INSERT INTO DETIL_NOTA VALUES ('36', 'J04', '6', NULL);
INSERT INTO DETIL_KARYAWAN VALUES ('36', 'K1101');
INSERT INTO DETIL_KARYAWAN VALUES ('36', 'K1202');
INSERT INTO DETIL_KARYAWAN VALUES ('36', 'K1301');

INSERT INTO NOTA VALUES ('37', 'M0020', '12/NOV/2017', '16/NOV/2017', '17/NOV/2017', 'R12', '5000', '0');
INSERT INTO DETIL_NOTA VALUES ('37', 'J02', '10', NULL);
INSERT INTO DETIL_NOTA VALUES ('37', 'J05', '2', NULL);
INSERT INTO DETIL_KARYAWAN VALUES ('37', 'K1102');
INSERT INTO DETIL_KARYAWAN VALUES ('37', 'K1202');
INSERT INTO DETIL_KARYAWAN VALUES ('37', 'K1301');

INSERT INTO NOTA VALUES ('38', 'M0019', '14/NOV/2017', '20/NOV/2017', '20/NOV/2017', 'R12', '5000', '0');
INSERT INTO DETIL_NOTA VALUES ('38', 'J02', '10', NULL);
INSERT INTO DETIL_NOTA VALUES ('38', 'J05', '5', NULL);
INSERT INTO DETIL_NOTA VALUES ('38', 'J01', '5', NULL);
INSERT INTO DETIL_KARYAWAN VALUES ('38', 'K1101');
INSERT INTO DETIL_KARYAWAN VALUES ('38', 'K1201');
INSERT INTO DETIL_KARYAWAN VALUES ('38', 'K1301');

INSERT INTO NOTA VALUES ('39', 'M0002', '15/NOV/2017', '18/NOV/2017', '18/NOV/2017', 'R22', '5000', '0');
INSERT INTO DETIL_NOTA VALUES ('39', 'J02', '17', NULL);
INSERT INTO DETIL_KARYAWAN VALUES ('39', 'K2101');
INSERT INTO DETIL_KARYAWAN VALUES ('39', 'K2201');
INSERT INTO DETIL_KARYAWAN VALUES ('39', 'K2301');

INSERT INTO NOTA VALUES ('40', 'M0001', '1/DEC/2017', '3/DEC/2017', '3/DEC/2017', 'R11', '10000', '0');
INSERT INTO DETIL_NOTA VALUES ('40', 'J03', '7', NULL);
INSERT INTO DETIL_KARYAWAN VALUES ('40', 'K1101');
INSERT INTO DETIL_KARYAWAN VALUES ('40', 'K1201');
INSERT INTO DETIL_KARYAWAN VALUES ('40', 'K1301');

INSERT INTO NOTA VALUES ('41', 'M0011', '1/DEC/2017', '5/DEC/2017', '5/DEC/2017', 'R11', '5000', '0');
INSERT INTO DETIL_NOTA VALUES ('41', 'J05', '3', NULL);
INSERT INTO DETIL_NOTA VALUES ('41', 'J02', '13', NULL);
INSERT INTO DETIL_KARYAWAN VALUES ('41', 'K1102');
INSERT INTO DETIL_KARYAWAN VALUES ('41', 'K1201');
INSERT INTO DETIL_KARYAWAN VALUES ('41', 'K1301');

INSERT INTO NOTA VALUES ('42', 'M0002', '1/DEC/2017', '5/DEC/2017', '5/DEC/2017', 'R11', '5000', '0');
INSERT INTO DETIL_NOTA VALUES ('42', 'J05', '3', NULL);
INSERT INTO DETIL_NOTA VALUES ('42', 'J02', '13', NULL);
INSERT INTO DETIL_KARYAWAN VALUES ('42', 'K1102');
INSERT INTO DETIL_KARYAWAN VALUES ('42', 'K1201');
INSERT INTO DETIL_KARYAWAN VALUES ('42', 'K1301');

INSERT INTO NOTA VALUES ('43', 'M0012', '4/DEC/2017', '8/DEC/2017', '8/DEC/2017', 'R11', '5000', '0');
INSERT INTO DETIL_NOTA VALUES ('43', 'J05', '1', NULL);
INSERT INTO DETIL_NOTA VALUES ('43', 'J02', '8', NULL);
INSERT INTO DETIL_KARYAWAN VALUES ('43', 'K1102');
INSERT INTO DETIL_KARYAWAN VALUES ('43', 'K1201');
INSERT INTO DETIL_KARYAWAN VALUES ('43', 'K1301');

INSERT INTO NOTA VALUES ('44', 'M0003', '6/DEC/2017', '10/DEC/2017', '10/DEC/2017', 'R12', '5000', '0');
INSERT INTO DETIL_NOTA VALUES ('44', 'J04', '11', NULL);
INSERT INTO DETIL_NOTA VALUES ('44', 'J02', '8', NULL);
INSERT INTO DETIL_KARYAWAN VALUES ('44', 'K1102');
INSERT INTO DETIL_KARYAWAN VALUES ('44', 'K1202');
INSERT INTO DETIL_KARYAWAN VALUES ('44', 'K1301');

INSERT INTO NOTA VALUES ('45', 'M0013', '10/DEC/2017', '14/DEC/2017', '15/DEC/2017', 'R21', '5000', '0');
INSERT INTO DETIL_NOTA VALUES ('45', 'J01', '11', NULL);
INSERT INTO DETIL_NOTA VALUES ('45', 'J02', '11', NULL);
INSERT INTO DETIL_KARYAWAN VALUES ('45', 'K2102');
INSERT INTO DETIL_KARYAWAN VALUES ('45', 'K2202');
INSERT INTO DETIL_KARYAWAN VALUES ('45', 'K2301');

INSERT INTO NOTA VALUES ('46', 'M0004', '10/DEC/2017', '14/DEC/2017', '15/DEC/2017', 'R21', '10000', '0');
INSERT INTO DETIL_NOTA VALUES ('46', 'J01', '10', NULL);
INSERT INTO DETIL_NOTA VALUES ('46', 'J05', '1', NULL);
INSERT INTO DETIL_KARYAWAN VALUES ('46', 'K2102');
INSERT INTO DETIL_KARYAWAN VALUES ('46', 'K2202');
INSERT INTO DETIL_KARYAWAN VALUES ('46', 'K2301');

INSERT INTO NOTA VALUES ('47', 'M0014', '13/DEC/2017', '16/DEC/2017', '16/DEC/2017', 'R22', '5000', '0');
INSERT INTO DETIL_NOTA VALUES ('47', 'J03', '7', NULL);
INSERT INTO DETIL_KARYAWAN VALUES ('47', 'K2101');
INSERT INTO DETIL_KARYAWAN VALUES ('47', 'K2201');
INSERT INTO DETIL_KARYAWAN VALUES ('47', 'K2301');

INSERT INTO NOTA VALUES ('48', 'M0020', '20/DEC/2017', '26/DEC/2017', '26/DEC/2017', 'R22', '10000', '0');
INSERT INTO DETIL_NOTA VALUES ('48', 'J05', '17', NULL);
INSERT INTO DETIL_KARYAWAN VALUES ('48', 'K2101');
INSERT INTO DETIL_KARYAWAN VALUES ('48', 'K2201');
INSERT INTO DETIL_KARYAWAN VALUES ('48', 'K2301');

INSERT INTO NOTA VALUES ('49', 'M0019', '20/DEC/2017', '24/DEC/2017', '24/DEC/2017', 'R21', '10000', '0');
INSERT INTO DETIL_NOTA VALUES ('49', 'J02', '7', NULL);
INSERT INTO DETIL_KARYAWAN VALUES ('49', 'K2101');
INSERT INTO DETIL_KARYAWAN VALUES ('49', 'K2201');
INSERT INTO DETIL_KARYAWAN VALUES ('49', 'K2301');

INSERT INTO NOTA VALUES ('50', 'M0017', '25/DEC/2017', '27/DEC/2017', '27/DEC/2017', 'R21', '10000', '0');
INSERT INTO DETIL_NOTA VALUES ('50', 'J02', '7', NULL);
INSERT INTO DETIL_KARYAWAN VALUES ('50', 'K2101');
INSERT INTO DETIL_KARYAWAN VALUES ('50', 'K2202');
INSERT INTO DETIL_KARYAWAN VALUES ('50', 'K2301');

-- NOTA --
SELECT N.N_NO AS NO_NOTA, M.M_NO AS NO_MEMBER, M.M_NAMA, M.M_ALAMAT, M.M_TELP, N.N_TGLMASUK, N.N_TGLJADI, N.N_TGLAMBIL,
JL.J_NAMA AS PELAYANAN, DN.DN_KETERANGAN AS KET, DN.DN_KUANTITAS AS KUANTITAS, JL.J_HARGA AS HARGA_SATUAN, (DN.DN_KUANTITAS * JL.J_HARGA) AS JML,
N.N_DISKON AS DISKON, (N.N_DISKON*Z.JUMLAH/100) AS DISKON_RP, Z.JUMLAH, N.N_UANGMUKA AS DP, (Z.JUMLAH - (N.N_DISKON*Z.JUMLAH/100 + N.N_UANGMUKA)) AS SISA,
K.K_NAMA, K.K_BAGIAN

FROM NOTA N, MEMBER_TABLE M, KARYAWAN K, JENIS_LAYANAN JL, DETIL_NOTA DN, DETIL_KARYAWAN DK, OUTLET O,
(SELECT N.N_NO, SUM(JL.J_HARGA * DN.DN_KUANTITAS) AS JUMLAH
FROM MEMBER_TABLE M, NOTA N, DETIL_NOTA DN, JENIS_LAYANAN JL
WHERE M.M_NO = N.M_NO  AND N.N_NO = DN.N_NO AND JL.J_ID = DN.J_ID
GROUP BY N.N_NO) Z

WHERE N.N_NO = DN.N_NO AND N.N_NO = DK.N_NO AND M.M_NO = N.M_NO AND K.K_KODE = DK.K_KODE AND JL.J_ID = DN.J_ID AND O.O_ID = K.O_ID AND N.N_NO = Z.N_NO
ORDER BY N.N_NO;

-- LAPORAN TRANSAKSI LEBIH DARI 100RB --
SELECT M.M_NO AS NO_MEMBER, M.M_NAMA, N.N_NO AS NO_NOTA, Z.JUMLAH-(Z.JUMLAH*N.N_DISKON/100) AS TOTAL_BAYAR
FROM MEMBER_TABLE M, NOTA N,
(SELECT N.N_NO AS N_NO, SUM(JL.J_HARGA * DN.DN_KUANTITAS) AS JUMLAH
FROM MEMBER_TABLE M, NOTA N, DETIL_NOTA DN, JENIS_LAYANAN JL
WHERE M.M_NO = N.M_NO AND N.N_NO = DN.N_NO AND JL.J_ID = DN.J_ID
GROUP BY N.N_NO
ORDER BY N.N_NO) Z
WHERE N.M_NO = M.M_NO AND N.N_NO = Z.N_NO AND Z.JUMLAH-(Z.JUMLAH*N.N_DISKON/100)>100000;


-- LAPORAN LAYANAN PALING LARIS --
SELECT JL.J_NAMA AS LAYANAN, COUNT(JL.J_NAMA) AS TOTAL
FROM NOTA N, DETIL_NOTA DN, JENIS_LAYANAN JL
WHERE N.N_NO = DN.N_NO AND DN.J_ID = JL.J_ID
GROUP BY JL.J_NAMA
ORDER BY COUNT(JL.J_NAMA) DESC;

-- LAPORAN PEMASUKAN PER BULAN --
SELECT EXTRACT(MONTH FROM N.N_TGLAMBIL) AS BULAN, SUM(Z.JUMLAH-(Z.JUMLAH*N.N_DISKON/100)) AS PEMASUKAN
FROM NOTA N,
(SELECT N.N_NO AS N_NO, SUM(JL.J_HARGA*DN.DN_KUANTITAS) AS JUMLAH
FROM MEMBER_TABLE M, NOTA N, DETIL_NOTA DN, JENIS_LAYANAN JL
WHERE M.M_NO = N.M_NO AND N.N_NO = DN.N_NO AND DN.J_ID = JL.J_ID
GROUP BY N.N_NO) Z
WHERE N.N_NO = Z.N_NO
GROUP BY EXTRACT(MONTH FROM N.N_TGLAMBIL)
ORDER BY EXTRACT(MONTH FROM N.N_TGLAMBIL);

--SIAPA MEMBER YANG CUCIANNYA DI CUCI SAMA TUKANG CUCI YANG SAMA--
SELECT DISTINCT K.K_NAMA, K.K_KODE, M.M_NAMA
FROM NOTA N, MEMBER_TABLE M, DETIL_KARYAWAN DK, KARYAWAN K
WHERE M.M_NO = N.M_NO AND N.N_NO = DK.N_NO AND K.K_KODE = DK.K_KODE AND K.K_KODE='K1201';

--GOLONGKAN KARYAWAN CABANG--
SELECT O.O_ID, K.K_NAMA, K.K_KODE AS OUTLETSATU
FROM KARYAWAN K, OUTLET O
WHERE K.O_ID = O.O_ID;

--CARI PEGAWAI PALING SERING KERJA--
SELECT K.K_NAMA AS NAMA, COUNT(DK.K_KODE) AS TOTAL
FROM KARYAWAN K, DETIL_KARYAWAN DK
WHERE DK.K_KODE = K.K_KODE
GROUP BY K.K_NAMA
ORDER BY TOTAL DESC;

--SIAPA AJA DAN BERAPA KALI CUCI PADA BULAN X--
SELECT Z.M_NAMA, COUNT(Z.M_NAMA) AS  FROM
(SELECT DISTINCT N.N_NO, M.M_NAMA , N.N_TGLMASUK
FROM MEMBER_TABLE M, NOTA N, DETIL_NOTA DN, JENIS_LAYANAN JL
WHERE EXTRACT(MONTH FROM N.N_TGLAMBIL)='09' AND N.M_NO = M.M_NO) Z
GROUP BY Z.M_NAMA;

--BULAN PALING BANYAK CUCI--
SELECT EXTRACT(MONTH FROM N.N_TGLAMBIL) AS BULAN, COUNT(M.M_NO) AS JUMLAH
FROM MEMBER_TABLE M, NOTA N, DETIL_NOTA DN
WHERE M.M_NO = N.M_NO AND N.N_NO = DN.N_NO
GROUP BY EXTRACT(MONTH FROM N.N_TGLAMBIL)
ORDER BY JUMLAH DESC;